{
    "doc_id": "LD2",
    "doc_title": "LD2 상담 및 신청",
    "doc_contents": [
        {
            "sub_title": "2.1 여신상담<신설 2018.7.2>",
            "sub_id": "2.1",
            "article_datas": [
                {
                    "article_id": "2.1.1",
                    "article_title": "2.1.1 상담절차<신설 2018.7.2>",
                    "article": "1. 여신을 취급하면 자산의 위험(Risk)은 증가하지만 당행 수익창출의 근원이 된다는 점을 인식하여 직원들은 손님과의 여신상담에 최선을 다하여야 한다., 2. 손님과의 여신상담은 방문, 전화상담, 인터넷, 모바일 등을 통하여 이루어지며, 다음의 내용 등에 관하여 상담한다., (1) 자금용도, 부업자금, 주택구입자금, 결혼자금 등 세부용도를 정확하게 확인한다., (2) 여신조건, 신청인이 제출한 신청서와 구두로 상담한 내용을 기준으로 하여 신청내용에 적합한 상품종류, 여신금액, 여신기간, 거래방식(상환방식 포함), 여신 금리 등을 구체적으로 협의한다., (3) 자격요건 및 채권보전 방법, 채무관계자의 자격요건, 인적 사항과 본인 확인, 연대보증인, 제공할 담보 등 채권보전 방법 등에 대하여 구체적으로 협의한다., 3. 자격과 업무범위, 가계여신 신청 접수(신규, 대환, 한도재약정, 증액, 기한연장 및 조건변경 포함)시 여신의 상담 및 확인자의 자격과 수행할 업무는 다음과 같다., (1) 신청 접수시 상담 및 확인자의 자격, 책임자급 이상 직원 및 여신업무 담당 행원, (2) 신청 접수 업무의 범위, ① 책임자급 이상 직원 및 여신업무 담당 행원은 가계여신 상담시 차주, 담보제공자 등(이하 \"채무관련인\"이라 한다)의 본인 여부 및 본인 의사를 확인하여야 한다., ② 채무관련인의 인적·물적 정보를 파악하기 위해 채무관련인으로부터 \"대출신청서(가계용)\" 및관련 서류를 징구하고, 제공받은 정보를 여신승인신청시스템에 입력한다., ③ 여신업무 담당 책임자급 이상 직원은 신청내용을 확인하고 승인신청 여부를 결정하여, 후속절차를 진행한다.",
                    "article_original": "<article ID=\"2\" code=\"c002001000\">\n\t\t\t\t\t<title>\n\t\t\t\t\t\t<text style=\"0\"><![CDATA[2.1.1 상담절차<신설 2018.7.2>]]></text>\n\t\t\t\t\t</title>\n\t\t\t\t\t<content level=\"1\" ordinal=\"1.\" style=\"text-align:justify;\" type=\"hang\">\n\t\t\t\t\t\t<text style=\"0\"><![CDATA[1. 여신을 취급하면 자산의 위험(Risk)은 증가하지만 당행 수익창출의 근원이 된다는 점을 인식하여 직원들은 손님과의 여신상담에 최선을 다하여야 한다.]]></text>\n\t\t\t\t\t</content>\n\t\t\t\t\t<content level=\"1\" ordinal=\"2.\" style=\"text-align:justify;\" type=\"hang\">\n\t\t\t\t\t\t<text style=\"0\"><![CDATA[2. 손님과의 여신상담은 방문, 전화상담, 인터넷, 모바일 등을 통하여 이루어지며, 다음의 내용 등에 관하여 상담한다.]]></text>\n\t\t\t\t\t</content>\n\t\t\t\t\t<content level=\"2\" ordinal=\"(1)\" style=\"text-align:justify;\" type=\"ho\">\n\t\t\t\t\t\t<text style=\"0\"><![CDATA[(1) 자금용도]]></text>\n\t\t\t\t\t</content>\n\t\t\t\t\t<content level=\"2\" ordinal=\"\" style=\"text-align:justify;\" type=\"none\">\n\t\t\t\t\t\t<text style=\"0\"><![CDATA[부업자금, 주택구입자금, 결혼자금 등 세부용도를 정확하게 확인한다.]]></text>\n\t\t\t\t\t</content>\n\t\t\t\t\t<content level=\"2\" ordinal=\"(2)\" style=\"text-align:justify;\" type=\"ho\">\n\t\t\t\t\t\t<text style=\"0\"><![CDATA[(2) 여신조건]]></text>\n\t\t\t\t\t</content>\n\t\t\t\t\t<content level=\"2\" ordinal=\"\" style=\"text-align:justify;\" type=\"none\">\n\t\t\t\t\t\t<text style=\"0\"><![CDATA[신청인이 제출한 신청서와 구두로 상담한 내용을 기준으로 하여 신청내용에 적합한 상품종류, 여신금액, 여신기간, 거래방식(상환방식 포함), 여신 금리 등을 구체적으로 협의한다.]]></text>\n\t\t\t\t\t</content>\n\t\t\t\t\t<content level=\"2\" ordinal=\"(3)\" style=\"text-align:justify;\" type=\"ho\">\n\t\t\t\t\t\t<text style=\"0\"><![CDATA[(3) 자격요건 및 채권보전 방법]]></text>\n\t\t\t\t\t</content>\n\t\t\t\t\t<content level=\"2\" ordinal=\"\" style=\"text-align:justify;\" type=\"none\">\n\t\t\t\t\t\t<text style=\"0\"><![CDATA[채무관계자의 자격요건, 인적 사항과 본인 확인, 연대보증인, 제공할 담보 등 채권보전 방법 등에 대하여 구체적으로 협의한다.]]></text>\n\t\t\t\t\t</content>\n\t\t\t\t\t<content level=\"1\" ordinal=\"3.\" style=\"text-align:justify;\" type=\"hang\">\n\t\t\t\t\t\t<text style=\"0\"><![CDATA[3. 자격과 업무범위]]></text>\n\t\t\t\t\t</content>\n\t\t\t\t\t<content level=\"1\" ordinal=\"\" style=\"text-align:justify;\" type=\"none\">\n\t\t\t\t\t\t<text style=\"0\"><![CDATA[가계여신 신청 접수(신규, 대환, 한도재약정, 증액, 기한연장 및 조건변경 포함)시 여신의 상담 및 확인자의 자격과 수행할 업무는 다음과 같다.]]></text>\n\t\t\t\t\t</content>\n\t\t\t\t\t<content level=\"2\" ordinal=\"(1)\" style=\"text-align:justify;\" type=\"ho\">\n\t\t\t\t\t\t<text style=\"0\"><![CDATA[(1) 신청 접수시 상담 및 확인자의 자격]]></text>\n\t\t\t\t\t</content>\n\t\t\t\t\t<content level=\"2\" ordinal=\"\" style=\"text-align:justify;\" type=\"none\">\n\t\t\t\t\t\t<text style=\"0\"><![CDATA[책임자급 이상 직원 및 여신업무 담당 행원]]></text>\n\t\t\t\t\t</content>\n\t\t\t\t\t<content level=\"2\" ordinal=\"(2)\" style=\"text-align:justify;\" type=\"ho\">\n\t\t\t\t\t\t<text style=\"0\"><![CDATA[(2) 신청 접수 업무의 범위]]></text>\n\t\t\t\t\t</content>\n\t\t\t\t\t<content level=\"3\" ordinal=\"①\" style=\"text-align:justify;\" type=\"mok\">\n\t\t\t\t\t\t<text style=\"0\"><![CDATA[① 책임자급 이상 직원 및 여신업무 담당 행원은 가계여신 상담시 차주, 담보제공자 등(이하 \"채무관련인\"이라 한다)의 본인 여부 및 본인 의사를 확인하여야 한다.]]></text>\n\t\t\t\t\t</content>\n\t\t\t\t\t<content level=\"3\" ordinal=\"②\" style=\"text-align:justify;\" type=\"mok\">\n\t\t\t\t\t\t<text style=\"0\"><![CDATA[② 채무관련인의 인적·물적 정보를 파악하기 위해 채무관련인으로부터 \"대출신청서(가계용)\" 및관련 서류를 징구하고, 제공받은 정보를 여신승인신청시스템에 입력한다.]]></text>\n\t\t\t\t\t</content>\n\t\t\t\t\t<content level=\"3\" ordinal=\"③\" style=\"text-align:justify;\" type=\"mok\">\n\t\t\t\t\t\t<text style=\"0\"><![CDATA[③ 여신업무 담당 책임자급 이상 직원은 신청내용을 확인하고 승인신청 여부를 결정하여, 후속절차를 진행한다.]]></text>\n\t\t\t\t\t</content>\n\t\t\t\t</article>",
                    "tableYN": "N"
                },
                {
                    "article_id": "2.1.2",
                    "article_title": "2.1.2 상담시 검토사항<개정 2018.7.2, 2020.8.7, 2022.9.1>",
                    "article": "여신 상담시에는 다음 사항을 반드시 확인하여 허위에 의한 여신 취급을 예방하고, 건전한 여신 운영 범위 내에서 취급하여야 한다., 1. 본인신청 여부(본인 및 자서 확인), (1) 여신은 본인이 직접 신청함을 원칙으로 한다., (2) 본인 여부는 실명확인증표에 의하여 확인하여야 하며, 신용정보조회를 통해 주민등록번호, 이름 등의 변경 여부를 확인(복수주민번호 보유자 등 판정결과 참고)하고, 변경 전 주민등록번호로 신용관리대상정보 보유 여부 등 여신 적격 여부를 확인하여야 한다., (3) 위임장(해외체류자), 가족관계증명서(미성년자), 후견 등록사항증명서 등을 통하여 대리인 자격 및 정당한 위임관계 여부가 확인되는 경우에만 대리인에 의한 신청이 허용된다., 2. 채무관계자의 법률상 행위능력 및 의사능력 보유 여부, (1) 행위능력 확인 등에 관한 사항은 「LA2 채무관계자」 2.2 자연인을 따른다., (2) 의사능력의 유무는 사안별로 구체적, 개별적으로 판단하고 정당한 사유 없이 장애 등을 이유로 차별을 하여서는 안된다. 영업점장 판단 하에 부득이 장애인에 대한 대출 취급을 거절할 때에는 대출신청서(가계용)에 거절사유를 기재하고 영업점장의 결재를 받아 보관한다., (3) 의사소통이 어려운 장애인의 경우, 법률상 대리인 또는 후견인을 통하거나, 의사소통이 가능한 사람을 동행토록하여 동행인(은행이 인정한 자, (4) 대출모집인 소개 건으로 상기 (3)의 경우에, 여신업무담당자는 채무관계자 및 동 채무관계자의 법률상 대리인 또는 후견인이나 의사소통이 가능한 동행인(은행이 인정한 자, , 주1) 은행이 인정한 자, 가족(배우자, 직계존비속, 형제자매에 한함), 사회복지사, 국가공인 수화통역사, 당행 고객센터 수화상담사(영상통화) 등, 3. 가계여신 비적격자 해당여부, 가계여신 비적격자에 대한 운영기준은 『LA2 채무관계자』 2.8 비적격자에서 정한 바에 따른다., 4. 자금용도의 적정성 여부, 5. 차주 및 채무관계인의 신용관리대상정보 보유여부, 행위능력자 여부, 금융거래가 양호한지 여부, 점주거래손님 여부 등 확인, 6. 보증신청인 또는 신청담보의 적정성 여부, 7. 신청손님의 요구에 적합한 가계여신상품의 선택, 8. 기타 필요한 서류 제출 여부",
                    "article_original": "<article ID=\"3\" code=\"c002001000\">\n\t\t\t\t\t<title>\n\t\t\t\t\t\t<text style=\"0\"><![CDATA[2.1.2 상담시 검토사항<개정 2018.7.2, 2020.8.7, 2022.9.1>]]></text>\n\t\t\t\t\t</title>\n\t\t\t\t\t<content level=\"0\" ordinal=\"\" style=\"text-align:justify;\" type=\"none\">\n\t\t\t\t\t\t<text style=\"0\"><![CDATA[여신 상담시에는 다음 사항을 반드시 확인하여 허위에 의한 여신 취급을 예방하고, 건전한 여신 운영 범위 내에서 취급하여야 한다.]]></text>\n\t\t\t\t\t</content>\n\t\t\t\t\t<content level=\"1\" ordinal=\"1.\" style=\"text-align:justify;\" type=\"hang\">\n\t\t\t\t\t\t<text style=\"0\"><![CDATA[1. 본인신청 여부(본인 및 자서 확인)]]></text>\n\t\t\t\t\t</content>\n\t\t\t\t\t<content level=\"2\" ordinal=\"(1)\" style=\"text-align:justify;\" type=\"ho\">\n\t\t\t\t\t\t<text style=\"0\"><![CDATA[(1) 여신은 본인이 직접 신청함을 원칙으로 한다.]]></text>\n\t\t\t\t\t</content>\n\t\t\t\t\t<content level=\"2\" ordinal=\"(2)\" style=\"text-align:justify;\" type=\"ho\">\n\t\t\t\t\t\t<text style=\"0\"><![CDATA[(2) 본인 여부는 실명확인증표에 의하여 확인하여야 하며, 신용정보조회를 통해 주민등록번호, 이름 등의 변경 여부를 확인(복수주민번호 보유자 등 판정결과 참고)하고, 변경 전 주민등록번호로 신용관리대상정보 보유 여부 등 여신 적격 여부를 확인하여야 한다.]]></text>\n\t\t\t\t\t</content>\n\t\t\t\t\t<content level=\"2\" ordinal=\"(3)\" style=\"text-align:justify;\" type=\"ho\">\n\t\t\t\t\t\t<text style=\"0\"><![CDATA[(3) 위임장(해외체류자), 가족관계증명서(미성년자), 후견 등록사항증명서 등을 통하여 대리인 자격 및 정당한 위임관계 여부가 확인되는 경우에만 대리인에 의한 신청이 허용된다.]]></text>\n\t\t\t\t\t</content>\n\t\t\t\t\t<content level=\"1\" ordinal=\"2.\" style=\"text-align:justify;\" type=\"hang\">\n\t\t\t\t\t\t<text style=\"0\"><![CDATA[2. 채무관계자의 법률상 행위능력 및 의사능력 보유 여부]]></text>\n\t\t\t\t\t</content>\n\t\t\t\t\t<content level=\"2\" ordinal=\"(1)\" style=\"text-align:justify;\" type=\"ho\">\n\t\t\t\t\t\t<text style=\"0\"><![CDATA[(1) 행위능력 확인 등에 관한 사항은 「LA2 채무관계자」 2.2 자연인을 따른다.]]></text>\n\t\t\t\t\t</content>\n\t\t\t\t\t<content level=\"2\" ordinal=\"(2)\" style=\"text-align:justify;\" type=\"ho\">\n\t\t\t\t\t\t<text style=\"0\"><![CDATA[(2) 의사능력의 유무는 사안별로 구체적, 개별적으로 판단하고 정당한 사유 없이 장애 등을 이유로 차별을 하여서는 안된다. 영업점장 판단 하에 부득이 장애인에 대한 대출 취급을 거절할 때에는 대출신청서(가계용)에 거절사유를 기재하고 영업점장의 결재를 받아 보관한다.]]></text>\n\t\t\t\t\t</content>\n\t\t\t\t\t<content level=\"2\" ordinal=\"(3)\" style=\"text-align:justify;\" type=\"ho\">\n\t\t\t\t\t\t<text style=\"0\"><![CDATA[(3) 의사소통이 어려운 장애인의 경우, 법률상 대리인 또는 후견인을 통하거나, 의사소통이 가능한 사람을 동행토록하여 동행인(은행이 인정한 자 ]]></text>\n\t\t\t\t\t\t<text style=\"font-size:75%;vertical-align:super;\"><![CDATA[주1)]]></text>\n\t\t\t\t\t\t<text style=\"0\"><![CDATA[)을 통해 상담하고, 대리인 또는 후견인, 동행인의 인적사항 및 채무관계자와의 관계 등을 대출신청서(가계용) 여백에 기재하고 기록을 보관하여야 한다.]]></text>\n\t\t\t\t\t</content>\n\t\t\t\t\t<content level=\"2\" ordinal=\"(4)\" style=\"text-align:justify;\" type=\"ho\">\n\t\t\t\t\t\t<text style=\"0\"><![CDATA[(4) 대출모집인 소개 건으로 상기 (3)의 경우에, 여신업무담당자는 채무관계자 및 동 채무관계자의 법률상 대리인 또는 후견인이나 의사소통이 가능한 동행인(은행이 인정한 자 ]]></text>\n\t\t\t\t\t\t<text style=\"font-size:75%;vertical-align:super;\"><![CDATA[주1)]]></text>\n\t\t\t\t\t\t<text style=\"0\"><![CDATA[)을 대면하여 대출모집인에 의한 대출 상담 및 신청내용이 일치하는지 여부를 반드시 확인하여야 한다.]]></text>\n\t\t\t\t\t</content>\n\t\t\t\t\t<content>\n\t\t\t\t\t\t<tbl_group border=\"1\" cellpadding=\"0\" cellspacing=\"0\" style=\"border-collapse:collapse;border:none;\">\n\t\t\t\t\t\t\t<tbody>\n\t\t\t\t\t\t\t\t<tr>\n\t\t\t\t\t\t\t\t\t<td colspan=\"1\" height=\"0\" rowspan=\"1\" style=\"border-bottom:solid 1pt #000000;border-left:solid 1pt #000000;border-right:solid 1pt #000000;border-top:solid 1pt #000000;text-align:justify;\" width=\"614\">\n\t\t\t\t\t\t\t\t\t\t<content level=\"0\" ordinal=\"\" style=\"\" type=\"none\">\n\t\t\t\t\t\t\t\t\t\t\t<text style=\"0\"/>\n\t\t\t\t\t\t\t\t\t\t</content>\n\t\t\t\t\t\t\t\t\t\t<content level=\"0\" ordinal=\"\" style=\"text-align:justify;\" type=\"none\">\n\t\t\t\t\t\t\t\t\t\t\t<text style=\"0\"><![CDATA[주1) 은행이 인정한 자]]></text>\n\t\t\t\t\t\t\t\t\t\t</content>\n\t\t\t\t\t\t\t\t\t\t<content level=\"0\" ordinal=\"\" style=\"text-align:justify;\" type=\"none\">\n\t\t\t\t\t\t\t\t\t\t\t<text style=\"0\"><![CDATA[가족(배우자, 직계존비속, 형제자매에 한함), 사회복지사, 국가공인 수화통역사, 당행 고객센터 수화상담사(영상통화) 등]]></text>\n\t\t\t\t\t\t\t\t\t\t</content>\n\t\t\t\t\t\t\t\t\t</td>\n\t\t\t\t\t\t\t\t</tr>\n\t\t\t\t\t\t\t</tbody>\n\t\t\t\t\t\t</tbl_group>\n\t\t\t\t\t</content>\n\t\t\t\t\t<content level=\"1\" ordinal=\"3.\" style=\"text-align:justify;\" type=\"hang\">\n\t\t\t\t\t\t<text style=\"0\"><![CDATA[3. 가계여신 비적격자 해당여부]]></text>\n\t\t\t\t\t</content>\n\t\t\t\t\t<content level=\"1\" ordinal=\"\" style=\"text-align:justify;\" type=\"none\">\n\t\t\t\t\t\t<text style=\"0\"><![CDATA[가계여신 비적격자에 대한 운영기준은 『LA2 채무관계자』 2.8 비적격자에서 정한 바에 따른다.]]></text>\n\t\t\t\t\t</content>\n\t\t\t\t\t<content level=\"1\" ordinal=\"4.\" style=\"text-align:justify;\" type=\"hang\">\n\t\t\t\t\t\t<text style=\"0\"><![CDATA[4. 자금용도의 적정성 여부]]></text>\n\t\t\t\t\t</content>\n\t\t\t\t\t<content level=\"1\" ordinal=\"5.\" style=\"text-align:justify;\" type=\"hang\">\n\t\t\t\t\t\t<text style=\"0\"><![CDATA[5. 차주 및 채무관계인의 신용관리대상정보 보유여부, 행위능력자 여부, 금융거래가 양호한지 여부, 점주거래손님 여부 등 확인]]></text>\n\t\t\t\t\t</content>\n\t\t\t\t\t<content level=\"1\" ordinal=\"6.\" style=\"text-align:justify;\" type=\"hang\">\n\t\t\t\t\t\t<text style=\"0\"><![CDATA[6. 보증신청인 또는 신청담보의 적정성 여부]]></text>\n\t\t\t\t\t</content>\n\t\t\t\t\t<content level=\"1\" ordinal=\"7.\" style=\"text-align:justify;\" type=\"hang\">\n\t\t\t\t\t\t<text style=\"0\"><![CDATA[7. 신청손님의 요구에 적합한 가계여신상품의 선택]]></text>\n\t\t\t\t\t</content>\n\t\t\t\t\t<content level=\"1\" ordinal=\"8.\" style=\"text-align:justify;\" type=\"hang\">\n\t\t\t\t\t\t<text style=\"0\"><![CDATA[8. 기타 필요한 서류 제출 여부]]></text>\n\t\t\t\t\t</content>\n\t\t\t\t</article>",
                    "tableYN": "Y"
                },
                {
                    "article_id": "2.1.3",
                    "article_title": "2.1.3 상담시 유의사항<신설 2018.7.2>",
                    "article": "1. 여신의 집중 취급, 여신의 신청시 전산조회를 통하여 다른 영업점과의 여신거래유무를 확인하고, 이미 다른 영업점과 여신거래가 있는 경우에는 가급적 기존 거래 영업점과 계속 거래할 수 있도록 협조 요청한다., 2. 본인 및 가족, 친인척 상담시 유의사항, 여신의 취급자(전결권자 포함)는 본인 및 본인의 가족, 친인척 등이 신청한 여신에 대한 승인 의사결정에 관여해서는 안된다., 3. 동일차주 여부 점검, 본인, 처, 자녀 등 동일 가계 내 여러 사람의 명의로 가계자금대출을 신청(기거래 포함)하는 경우에는 신청인의 수입원 및 상환능력 등을 고려하여 과다여신이 되지 않도록 유의하여야 한다.",
                    "article_original": "<article ID=\"4\" code=\"c002001000\">\n\t\t\t\t\t<title>\n\t\t\t\t\t\t<text style=\"0\"><![CDATA[2.1.3 상담시 유의사항<신설 2018.7.2>]]></text>\n\t\t\t\t\t</title>\n\t\t\t\t\t<content level=\"1\" ordinal=\"1.\" style=\"text-align:justify;\" type=\"hang\">\n\t\t\t\t\t\t<text style=\"0\"><![CDATA[1. 여신의 집중 취급]]></text>\n\t\t\t\t\t</content>\n\t\t\t\t\t<content level=\"1\" ordinal=\"\" style=\"text-align:justify;\" type=\"none\">\n\t\t\t\t\t\t<text style=\"0\"><![CDATA[여신의 신청시 전산조회를 통하여 다른 영업점과의 여신거래유무를 확인하고, 이미 다른 영업점과 여신거래가 있는 경우에는 가급적 기존 거래 영업점과 계속 거래할 수 있도록 협조 요청한다.]]></text>\n\t\t\t\t\t</content>\n\t\t\t\t\t<content level=\"1\" ordinal=\"2.\" style=\"text-align:justify;\" type=\"hang\">\n\t\t\t\t\t\t<text style=\"0\"><![CDATA[2. 본인 및 가족, 친인척 상담시 유의사항]]></text>\n\t\t\t\t\t</content>\n\t\t\t\t\t<content level=\"1\" ordinal=\"\" style=\"text-align:justify;\" type=\"none\">\n\t\t\t\t\t\t<text style=\"0\"><![CDATA[여신의 취급자(전결권자 포함)는 본인 및 본인의 가족, 친인척 등이 신청한 여신에 대한 승인 의사결정에 관여해서는 안된다.]]></text>\n\t\t\t\t\t</content>\n\t\t\t\t\t<content level=\"1\" ordinal=\"3.\" style=\"text-align:justify;\" type=\"hang\">\n\t\t\t\t\t\t<text style=\"0\"><![CDATA[3. 동일차주 여부 점검]]></text>\n\t\t\t\t\t</content>\n\t\t\t\t\t<content level=\"1\" ordinal=\"\" style=\"text-align:justify;\" type=\"none\">\n\t\t\t\t\t\t<text style=\"0\"><![CDATA[본인, 처, 자녀 등 동일 가계 내 여러 사람의 명의로 가계자금대출을 신청(기거래 포함)하는 경우에는 신청인의 수입원 및 상환능력 등을 고려하여 과다여신이 되지 않도록 유의하여야 한다.]]></text>\n\t\t\t\t\t</content>\n\t\t\t\t</article>",
                    "tableYN": "N"
                },
                {
                    "article_id": "2.1.4",
                    "article_title": "2.1.4 상담결과 조치<개정 2018.7.2>",
                    "article": "1. 상담결과에 대하여 신청인에게 조속히 통지하여야 한다., 2. 신규, 기한연장 등 여신신청의 결과가 거절 또는 중지인 경우 신청인은 그 근거가 된 정보(거절사유)를 요구할 수 있다. 신청인이 서면으로 요청한 경우, 여신신청결과 안내서를 출력하여 교부하여야 하며, 교부방법은 신청인이 \"대출신청서(가계용)\"의 여신 거절사유 안내방법(구두, E-mail, 팩스, 직접수령 등) 중에서 선택한 다음의 방법을 따른다., (1) 신용조회회사 및 신용정보집중기관이 제공한 신용정보: 연체정보 등 전산자동인자, (2) 신용조회회사 및 신용정보집중기관이 제공한 정보 이외의 사유, ① 대출상품 가입조건 미충족, 채무상환능력 부족, 담보의 부족, 내부 연체이력, 기타 대출 취급기준 미충족 사유 중에서 전산자동인자, ② 자동출력 대상이 아니거나, 특별히 표시할 사항이 있는 경우 담당직원이 수기로 표시한다., 3. 채무자가 2인 이상일 때에는 각 채무자에게 통지하여야 한다.",
                    "article_original": "<article ID=\"5\" code=\"c002001000\">\n\t\t\t\t\t<title>\n\t\t\t\t\t\t<text style=\"0\"><![CDATA[2.1.4 상담결과 조치<개정 2018.7.2>]]></text>\n\t\t\t\t\t</title>\n\t\t\t\t\t<content level=\"1\" ordinal=\"1.\" style=\"text-align:justify;\" type=\"hang\">\n\t\t\t\t\t\t<text style=\"0\"><![CDATA[1. 상담결과에 대하여 신청인에게 조속히 통지하여야 한다.]]></text>\n\t\t\t\t\t</content>\n\t\t\t\t\t<content level=\"1\" ordinal=\"2.\" style=\"text-align:justify;\" type=\"hang\">\n\t\t\t\t\t\t<text style=\"0\"><![CDATA[2. 신규, 기한연장 등 여신신청의 결과가 거절 또는 중지인 경우 신청인은 그 근거가 된 정보(거절사유)를 요구할 수 있다. 신청인이 서면으로 요청한 경우, 여신신청결과 안내서를 출력하여 교부하여야 하며, 교부방법은 신청인이 \"대출신청서(가계용)\"의 여신 거절사유 안내방법(구두, E-mail, 팩스, 직접수령 등) 중에서 선택한 다음의 방법을 따른다.]]></text>\n\t\t\t\t\t</content>\n\t\t\t\t\t<content level=\"2\" ordinal=\"(1)\" style=\"text-align:justify;\" type=\"ho\">\n\t\t\t\t\t\t<text style=\"0\"><![CDATA[(1) 신용조회회사 및 신용정보집중기관이 제공한 신용정보: 연체정보 등 전산자동인자]]></text>\n\t\t\t\t\t</content>\n\t\t\t\t\t<content level=\"2\" ordinal=\"(2)\" style=\"text-align:justify;\" type=\"ho\">\n\t\t\t\t\t\t<text style=\"0\"><![CDATA[(2) 신용조회회사 및 신용정보집중기관이 제공한 정보 이외의 사유]]></text>\n\t\t\t\t\t</content>\n\t\t\t\t\t<content level=\"3\" ordinal=\"①\" style=\"text-align:justify;\" type=\"mok\">\n\t\t\t\t\t\t<text style=\"0\"><![CDATA[① 대출상품 가입조건 미충족, 채무상환능력 부족, 담보의 부족, 내부 연체이력, 기타 대출 취급기준 미충족 사유 중에서 전산자동인자]]></text>\n\t\t\t\t\t</content>\n\t\t\t\t\t<content level=\"3\" ordinal=\"②\" style=\"text-align:justify;\" type=\"mok\">\n\t\t\t\t\t\t<text style=\"0\"><![CDATA[② 자동출력 대상이 아니거나, 특별히 표시할 사항이 있는 경우 담당직원이 수기로 표시한다.]]></text>\n\t\t\t\t\t</content>\n\t\t\t\t\t<content level=\"1\" ordinal=\"3.\" style=\"text-align:justify;\" type=\"hang\">\n\t\t\t\t\t\t<text style=\"0\"><![CDATA[3. 채무자가 2인 이상일 때에는 각 채무자에게 통지하여야 한다.]]></text>\n\t\t\t\t\t</content>\n\t\t\t\t</article>",
                    "tableYN": "N"
                }
            ]
        },
        {
            "sub_title": "2.2 여신신청<신설 2018.7.2>",
            "sub_id": "2.2",
            "article_datas": [
                {
                    "article_id": "2.2.1",
                    "article_title": "2.2.1 일반사항<신설 2018.7.2>",
                    "article": "1. 상담 결과 여신신청이 타당하다고 인정되면 영업점은 여신의 금지, 제한 여부, 자금용도, 소요자금 규모의 적정성 등 기본적인 사항을 심사하고 손님 및 여신 심사를 위한 각종 자료를 수집하여 여신 신청을 접수한다., 2. 심사 및 신청인의 차입신청 행위 등의 확인에 필요한 서류는 2.2.3의 2. 담보물 관련 서류에서 정한 바와 같으며 신청서류의 데이터 저장 또는 전자문서형태로도 징구 가능하다. 다만, 유효기간 이내의 서류라고 하더라도 발급 이후 여신실행시점까지 주요 사항의 변동내역이 있는지도 점검하여야 한다.",
                    "article_original": "<article ID=\"7\" code=\"c002002000\">\n\t\t\t\t\t<title>\n\t\t\t\t\t\t<text style=\"0\"><![CDATA[2.2.1 일반사항<신설 2018.7.2>]]></text>\n\t\t\t\t\t</title>\n\t\t\t\t\t<content level=\"1\" ordinal=\"1.\" style=\"text-align:justify;\" type=\"hang\">\n\t\t\t\t\t\t<text style=\"0\"><![CDATA[1. 상담 결과 여신신청이 타당하다고 인정되면 영업점은 여신의 금지, 제한 여부, 자금용도, 소요자금 규모의 적정성 등 기본적인 사항을 심사하고 손님 및 여신 심사를 위한 각종 자료를 수집하여 여신 신청을 접수한다.]]></text>\n\t\t\t\t\t</content>\n\t\t\t\t\t<content level=\"1\" ordinal=\"2.\" style=\"text-align:justify;\" type=\"hang\">\n\t\t\t\t\t\t<text style=\"0\"><![CDATA[2. 심사 및 신청인의 차입신청 행위 등의 확인에 필요한 서류는 2.2.3의 2. 담보물 관련 서류에서 정한 바와 같으며 신청서류의 데이터 저장 또는 전자문서형태로도 징구 가능하다. 다만, 유효기간 이내의 서류라고 하더라도 발급 이후 여신실행시점까지 주요 사항의 변동내역이 있는지도 점검하여야 한다.]]></text>\n\t\t\t\t\t</content>\n\t\t\t\t</article>",
                    "tableYN": "N"
                },
                {
                    "article_id": "2.2.2",
                    "article_title": "2.2.2 여신신청의 구분<개정 2018.7.2>",
                    "article": "1. 신규 : 새로운 여신을 취급하는 것을 말하며, 기존 여신에 대한 차주의 변경(채무인수)을 포함한다., 2. 대환 : 기존 개별거래 여신의 약정기일 도래시 해당 여신의 상환을 위하여 동일한 차주에 대하여 동일금액이내에서 신규에 준하는 절차에 따라 당일 중에 상환과 동시에 재취급하는 것을 의미한다., 3. 한도재약정 : 기존 한도거래 여신의 약정기일 도래시 동일한 차주에 대해 동일한도 이내에 서 신규에 준하는 절차에 따라 재약정하는 것을 의미하며, 약정기일로부터 최장 3개월 이내에 취급하여야 한다., 4. 한도증액 : 이미 취급한 한도거래여신에 대하여 약정기한 변경없이 한도만을 증액하는 것을 의미한다., 5. 기한연장 : 약정기일이 도래하는 기존 여신에 대하여 동일금액(또는 한도)이내에서 동일 과목으로 그 기한을 연장하는 것을 의미한다., 6 조건변경 : 기존 여신에 대하여 여신금액(한도) · 기간 · 차주의 변경을 제외한 다음 중 어느 하나에 해당되는 조건을 변경하는 것을 말한다., (1) 담보의 변경, (2) 승인조건의 변경, (3) 분할상환계획의 변경, (4) 기타 기존 여신에 대한 내용의 변경",
                    "article_original": "<article ID=\"8\" code=\"c002002000\">\n\t\t\t\t\t<title>\n\t\t\t\t\t\t<text style=\"0\"><![CDATA[2.2.2 여신신청의 구분<개정 2018.7.2>]]></text>\n\t\t\t\t\t</title>\n\t\t\t\t\t<content level=\"1\" ordinal=\"1.\" style=\"margin-bottom:0pt;margin-top:0pt;text-align:justify;\" type=\"hang\">\n\t\t\t\t\t\t<text style=\"font-size:10;\"><![CDATA[1. 신규 : 새로운 여신을 취급하는 것을 말하며, 기존 여신에 대한 차주의 변경(채무인수)을 포함한다.]]></text>\n\t\t\t\t\t</content>\n\t\t\t\t\t<content level=\"1\" ordinal=\"2.\" style=\"margin-bottom:0pt;margin-top:0pt;text-align:justify;\" type=\"hang\">\n\t\t\t\t\t\t<text style=\"font-size:10;\"><![CDATA[2. 대환 : 기존 개별거래 여신의 약정기일 도래시 해당 여신의 상환을 위하여 동일한 차주에 대하여 동일금액이내에서 신규에 준하는 절차에 따라 당일 중에 상환과 동시에 재취급하는 것을 의미한다.]]></text>\n\t\t\t\t\t</content>\n\t\t\t\t\t<content level=\"1\" ordinal=\"3.\" style=\"margin-bottom:0pt;margin-top:0pt;text-align:justify;\" type=\"hang\">\n\t\t\t\t\t\t<text style=\"font-size:10;\"><![CDATA[3. 한도재약정 : 기존 한도거래 여신의 약정기일 도래시 동일한 차주에 대해 동일한도 이내에 서 신규에 준하는 절차에 따라 재약정하는 것을 의미하며, 약정기일로부터 최장 3개월 이내에 취급하여야 한다.]]></text>\n\t\t\t\t\t</content>\n\t\t\t\t\t<content level=\"1\" ordinal=\"4.\" style=\"margin-bottom:0pt;margin-top:0pt;text-align:justify;\" type=\"hang\">\n\t\t\t\t\t\t<text style=\"font-size:10;\"><![CDATA[4. 한도증액 : 이미 취급한 한도거래여신에 대하여 약정기한 변경없이 한도만을 증액하는 것을 의미한다.]]></text>\n\t\t\t\t\t</content>\n\t\t\t\t\t<content level=\"1\" ordinal=\"5.\" style=\"margin-bottom:0pt;margin-top:0pt;text-align:justify;\" type=\"hang\">\n\t\t\t\t\t\t<text style=\"font-size:10;\"><![CDATA[5. 기한연장 : 약정기일이 도래하는 기존 여신에 대하여 동일금액(또는 한도)이내에서 동일 과목으로 그 기한을 연장하는 것을 의미한다.]]></text>\n\t\t\t\t\t</content>\n\t\t\t\t\t<content level=\"1\" ordinal=\"\" style=\"margin-bottom:0pt;margin-top:0pt;text-align:justify;\" type=\"none\">\n\t\t\t\t\t\t<text style=\"font-size:10;\"><![CDATA[6 조건변경 : 기존 여신에 대하여 여신금액(한도) · 기간 · 차주의 변경을 제외한 다음 중 어느 하나에 해당되는 조건을 변경하는 것을 말한다.]]></text>\n\t\t\t\t\t</content>\n\t\t\t\t\t<content level=\"2\" ordinal=\"(1)\" style=\"margin-bottom:0pt;margin-top:0pt;text-align:justify;\" type=\"ho\">\n\t\t\t\t\t\t<text style=\"font-size:10;\"><![CDATA[(1) 담보의 변경]]></text>\n\t\t\t\t\t</content>\n\t\t\t\t\t<content level=\"2\" ordinal=\"(2)\" style=\"margin-bottom:0pt;margin-top:0pt;text-align:justify;\" type=\"ho\">\n\t\t\t\t\t\t<text style=\"font-size:10;\"><![CDATA[(2) 승인조건의 변경]]></text>\n\t\t\t\t\t</content>\n\t\t\t\t\t<content level=\"2\" ordinal=\"(3)\" style=\"margin-bottom:0pt;margin-top:0pt;text-align:justify;\" type=\"ho\">\n\t\t\t\t\t\t<text style=\"font-size:10;\"><![CDATA[(3) 분할상환계획의 변경]]></text>\n\t\t\t\t\t</content>\n\t\t\t\t\t<content level=\"2\" ordinal=\"(4)\" style=\"margin-bottom:0pt;margin-top:0pt;text-align:justify;\" type=\"ho\">\n\t\t\t\t\t\t<text style=\"font-size:10;\"><![CDATA[(4) 기타 기존 여신에 대한 내용의 변경]]></text>\n\t\t\t\t\t</content>\n\t\t\t\t</article>",
                    "tableYN": "N"
                },
                {
                    "article_id": "2.2.3",
                    "article_title": "2.2.3 기본 서류<신설 2018.7.2, 2020.2.3, 2022.9.1, 2022.3.15>",
                    "article": "1. 기본 서류, , 서류명, , 비고, , 대출신청서(가계용), 개인신용정보조회동의서, 개인(신용)정보 수집.이용 및 제공 동의서, , 여신 미취급건은 융자상담 및 신청서와 함께 보관, , 개인(신용)정보 조회.수집.이용, 동의서 [대안정보], , 여신 취급과정에서 리스크 측정을 위한 대안정보 조회.수집.이용에 따른 동의서 (기한연장, 조건변경 미포함), , 본인 확인 서류, , 주민등록증, 운전면허증, 공무원증.여권 등, , 재직 /자격 확인서류, , 재직증명서, 건강보험자격득실확인서 등, , 소득자료, , 근로소득원천징수영수증,세무서(홈텍스)발급 소득금액증명원 등, 2. 담보물 관련 서류, , 3. 서류 종류 및 확인방법은 『LD 4 실행』 4.2 징구서류 에서 정한 바에 따른다.",
                    "article_original": "<article ID=\"9\" code=\"c002002000\">\n\t\t\t\t\t<title>\n\t\t\t\t\t\t<text style=\"0\"><![CDATA[2.2.3 기본 서류<신설 2018.7.2, 2020.2.3, 2022.9.1, 2022.3.15>]]></text>\n\t\t\t\t\t</title>\n\t\t\t\t\t<content level=\"1\" ordinal=\"1.\" style=\"margin-bottom:0pt;margin-top:0pt;text-align:justify;\" type=\"hang\">\n\t\t\t\t\t\t<text style=\"0\"><![CDATA[1. 기본 서류]]></text>\n\t\t\t\t\t</content>\n\t\t\t\t\t<content>\n\t\t\t\t\t\t<tbl_group border=\"1\" cellpadding=\"0\" cellspacing=\"0\" style=\"border-collapse:collapse;border:none;\">\n\t\t\t\t\t\t\t<tbody>\n\t\t\t\t\t\t\t\t<tr>\n\t\t\t\t\t\t\t\t\t<td colspan=\"1\" height=\"18\" rowspan=\"1\" style=\"border-bottom:solid 1pt #000000;border-left:solid 1pt #000000;border-right:solid 1pt #000000;border-top:solid 1pt #000000;background-color:#FFFFFF;text-align:justify;\" width=\"338\">\n\t\t\t\t\t\t\t\t\t\t<content level=\"0\" ordinal=\"\" style=\"\" type=\"none\">\n\t\t\t\t\t\t\t\t\t\t\t<text style=\"0\"/>\n\t\t\t\t\t\t\t\t\t\t</content>\n\t\t\t\t\t\t\t\t\t\t<content level=\"0\" ordinal=\"\" style=\"text-align:justify;\" type=\"none\">\n\t\t\t\t\t\t\t\t\t\t\t<text style=\"0\"><![CDATA[서류명]]></text>\n\t\t\t\t\t\t\t\t\t\t</content>\n\t\t\t\t\t\t\t\t\t</td>\n\t\t\t\t\t\t\t\t\t<td colspan=\"1\" height=\"18\" rowspan=\"1\" style=\"border-bottom:solid 1pt #000000;border-left:solid 1pt #000000;border-right:solid 1pt #000000;border-top:solid 1pt #000000;background-color:#FFFFFF;text-align:justify;\" width=\"218\">\n\t\t\t\t\t\t\t\t\t\t<content level=\"0\" ordinal=\"\" style=\"\" type=\"none\">\n\t\t\t\t\t\t\t\t\t\t\t<text style=\"0\"/>\n\t\t\t\t\t\t\t\t\t\t</content>\n\t\t\t\t\t\t\t\t\t\t<content level=\"0\" ordinal=\"\" style=\"text-align:justify;\" type=\"none\">\n\t\t\t\t\t\t\t\t\t\t\t<text style=\"0\"><![CDATA[비고]]></text>\n\t\t\t\t\t\t\t\t\t\t</content>\n\t\t\t\t\t\t\t\t\t</td>\n\t\t\t\t\t\t\t\t</tr>\n\t\t\t\t\t\t\t</tbody>\n\t\t\t\t\t\t</tbl_group>\n\t\t\t\t\t</content>\n\t\t\t\t\t<content>\n\t\t\t\t\t\t<tbl_group border=\"1\" cellpadding=\"0\" cellspacing=\"0\" style=\"border-collapse:collapse;border:none;\">\n\t\t\t\t\t\t\t<tbody>\n\t\t\t\t\t\t\t\t<tr>\n\t\t\t\t\t\t\t\t\t<td colspan=\"1\" height=\"77\" rowspan=\"1\" style=\"border-bottom:solid 1pt #000000;border-left:solid 1pt #000000;border-right:solid 1pt #000000;border-top:solid 1pt #000000;background-color:#FFFFFF;\" width=\"338\">\n\t\t\t\t\t\t\t\t\t\t<content level=\"0\" ordinal=\"\" style=\"\" type=\"none\">\n\t\t\t\t\t\t\t\t\t\t\t<text style=\"0\"/>\n\t\t\t\t\t\t\t\t\t\t</content>\n\t\t\t\t\t\t\t\t\t\t<content level=\"0\" ordinal=\"\" style=\"\" type=\"none\">\n\t\t\t\t\t\t\t\t\t\t\t<text style=\"0\"><![CDATA[대출신청서(가계용)]]></text>\n\t\t\t\t\t\t\t\t\t\t</content>\n\t\t\t\t\t\t\t\t\t\t<content level=\"0\" ordinal=\"\" style=\"\" type=\"none\">\n\t\t\t\t\t\t\t\t\t\t\t<text style=\"0\"><![CDATA[개인신용정보조회동의서]]></text>\n\t\t\t\t\t\t\t\t\t\t</content>\n\t\t\t\t\t\t\t\t\t\t<content level=\"0\" ordinal=\"\" style=\"\" type=\"none\">\n\t\t\t\t\t\t\t\t\t\t\t<text style=\"0\"><![CDATA[개인(신용)정보 수집.이용 및 제공 동의서]]></text>\n\t\t\t\t\t\t\t\t\t\t</content>\n\t\t\t\t\t\t\t\t\t</td>\n\t\t\t\t\t\t\t\t\t<td colspan=\"1\" height=\"77\" rowspan=\"1\" style=\"border-bottom:solid 1pt #000000;border-left:solid 1pt #000000;border-right:solid 1pt #000000;border-top:solid 1pt #000000;background-color:#FFFFFF;\" width=\"218\">\n\t\t\t\t\t\t\t\t\t\t<content level=\"0\" ordinal=\"\" style=\"\" type=\"none\">\n\t\t\t\t\t\t\t\t\t\t\t<text style=\"0\"/>\n\t\t\t\t\t\t\t\t\t\t</content>\n\t\t\t\t\t\t\t\t\t\t<content level=\"0\" ordinal=\"\" style=\"\" type=\"none\">\n\t\t\t\t\t\t\t\t\t\t\t<text style=\"0\"><![CDATA[여신 미취급건은 융자상담 및 신청서와 함께 보관]]></text>\n\t\t\t\t\t\t\t\t\t\t</content>\n\t\t\t\t\t\t\t\t\t</td>\n\t\t\t\t\t\t\t\t</tr>\n\t\t\t\t\t\t\t\t<tr>\n\t\t\t\t\t\t\t\t\t<td colspan=\"1\" height=\"109\" rowspan=\"1\" style=\"border-bottom:solid 1pt #000000;border-left:solid 1pt #000000;border-right:solid 1pt #000000;border-top:solid 1pt #000000;background-color:#FFFFFF;\" width=\"338\">\n\t\t\t\t\t\t\t\t\t\t<content level=\"0\" ordinal=\"\" style=\"\" type=\"none\">\n\t\t\t\t\t\t\t\t\t\t\t<text style=\"0\"/>\n\t\t\t\t\t\t\t\t\t\t</content>\n\t\t\t\t\t\t\t\t\t\t<content level=\"0\" ordinal=\"\" style=\"\" type=\"none\">\n\t\t\t\t\t\t\t\t\t\t\t<text style=\"0\"><![CDATA[개인(신용)정보 조회.수집.이용]]></text>\n\t\t\t\t\t\t\t\t\t\t</content>\n\t\t\t\t\t\t\t\t\t\t<content level=\"0\" ordinal=\"\" style=\"\" type=\"none\">\n\t\t\t\t\t\t\t\t\t\t\t<text style=\"0\"><![CDATA[동의서 [대안정보]]]></text>\n\t\t\t\t\t\t\t\t\t\t</content>\n\t\t\t\t\t\t\t\t\t</td>\n\t\t\t\t\t\t\t\t\t<td colspan=\"1\" height=\"109\" rowspan=\"1\" style=\"border-bottom:solid 1pt #000000;border-left:solid 1pt #000000;border-right:solid 1pt #000000;border-top:solid 1pt #000000;background-color:#FFFFFF;\" width=\"218\">\n\t\t\t\t\t\t\t\t\t\t<content level=\"0\" ordinal=\"\" style=\"\" type=\"none\">\n\t\t\t\t\t\t\t\t\t\t\t<text style=\"0\"/>\n\t\t\t\t\t\t\t\t\t\t</content>\n\t\t\t\t\t\t\t\t\t\t<content level=\"0\" ordinal=\"\" style=\"\" type=\"none\">\n\t\t\t\t\t\t\t\t\t\t\t<text style=\"0\"><![CDATA[여신 취급과정에서 리스크 측정을 위한 대안정보 조회.수집.이용에 따른 동의서 (기한연장, 조건변경 미포함)]]></text>\n\t\t\t\t\t\t\t\t\t\t</content>\n\t\t\t\t\t\t\t\t\t</td>\n\t\t\t\t\t\t\t\t</tr>\n\t\t\t\t\t\t\t\t<tr>\n\t\t\t\t\t\t\t\t\t<td colspan=\"1\" height=\"37\" rowspan=\"1\" style=\"border-bottom:solid 1pt #000000;border-left:solid 1pt #000000;border-right:solid 1pt #000000;border-top:solid 1pt #000000;background-color:#FFFFFF;\" width=\"338\">\n\t\t\t\t\t\t\t\t\t\t<content level=\"0\" ordinal=\"\" style=\"\" type=\"none\">\n\t\t\t\t\t\t\t\t\t\t\t<text style=\"0\"/>\n\t\t\t\t\t\t\t\t\t\t</content>\n\t\t\t\t\t\t\t\t\t\t<content level=\"0\" ordinal=\"\" style=\"\" type=\"none\">\n\t\t\t\t\t\t\t\t\t\t\t<text style=\"0\"><![CDATA[본인 확인 서류]]></text>\n\t\t\t\t\t\t\t\t\t\t</content>\n\t\t\t\t\t\t\t\t\t</td>\n\t\t\t\t\t\t\t\t\t<td colspan=\"1\" height=\"37\" rowspan=\"1\" style=\"border-bottom:solid 1pt #000000;border-left:solid 1pt #000000;border-right:solid 1pt #000000;border-top:solid 1pt #000000;background-color:#FFFFFF;\" width=\"218\">\n\t\t\t\t\t\t\t\t\t\t<content level=\"0\" ordinal=\"\" style=\"\" type=\"none\">\n\t\t\t\t\t\t\t\t\t\t\t<text style=\"0\"/>\n\t\t\t\t\t\t\t\t\t\t</content>\n\t\t\t\t\t\t\t\t\t\t<content level=\"0\" ordinal=\"\" style=\"\" type=\"none\">\n\t\t\t\t\t\t\t\t\t\t\t<text style=\"0\"><![CDATA[주민등록증, 운전면허증, 공무원증.여권 등]]></text>\n\t\t\t\t\t\t\t\t\t\t</content>\n\t\t\t\t\t\t\t\t\t</td>\n\t\t\t\t\t\t\t\t</tr>\n\t\t\t\t\t\t\t\t<tr>\n\t\t\t\t\t\t\t\t\t<td colspan=\"1\" height=\"37\" rowspan=\"1\" style=\"border-bottom:solid 1pt #000000;border-left:solid 1pt #000000;border-right:solid 1pt #000000;border-top:solid 1pt #000000;background-color:#FFFFFF;\" width=\"338\">\n\t\t\t\t\t\t\t\t\t\t<content level=\"0\" ordinal=\"\" style=\"\" type=\"none\">\n\t\t\t\t\t\t\t\t\t\t\t<text style=\"0\"/>\n\t\t\t\t\t\t\t\t\t\t</content>\n\t\t\t\t\t\t\t\t\t\t<content level=\"0\" ordinal=\"\" style=\"\" type=\"none\">\n\t\t\t\t\t\t\t\t\t\t\t<text style=\"0\"><![CDATA[재직 /자격 확인서류]]></text>\n\t\t\t\t\t\t\t\t\t\t</content>\n\t\t\t\t\t\t\t\t\t</td>\n\t\t\t\t\t\t\t\t\t<td colspan=\"1\" height=\"37\" rowspan=\"1\" style=\"border-bottom:solid 1pt #000000;border-left:solid 1pt #000000;border-right:solid 1pt #000000;border-top:solid 1pt #000000;background-color:#FFFFFF;\" width=\"218\">\n\t\t\t\t\t\t\t\t\t\t<content level=\"0\" ordinal=\"\" style=\"\" type=\"none\">\n\t\t\t\t\t\t\t\t\t\t\t<text style=\"0\"/>\n\t\t\t\t\t\t\t\t\t\t</content>\n\t\t\t\t\t\t\t\t\t\t<content level=\"0\" ordinal=\"\" style=\"\" type=\"none\">\n\t\t\t\t\t\t\t\t\t\t\t<text style=\"0\"><![CDATA[재직증명서, 건강보험자격득실확인서 등]]></text>\n\t\t\t\t\t\t\t\t\t\t</content>\n\t\t\t\t\t\t\t\t\t</td>\n\t\t\t\t\t\t\t\t</tr>\n\t\t\t\t\t\t\t\t<tr>\n\t\t\t\t\t\t\t\t\t<td colspan=\"1\" height=\"89\" rowspan=\"1\" style=\"border-bottom:solid 1pt #000000;border-left:solid 1pt #000000;border-right:solid 1pt #000000;border-top:solid 1pt #000000;background-color:#FFFFFF;\" width=\"338\">\n\t\t\t\t\t\t\t\t\t\t<content level=\"0\" ordinal=\"\" style=\"\" type=\"none\">\n\t\t\t\t\t\t\t\t\t\t\t<text style=\"0\"/>\n\t\t\t\t\t\t\t\t\t\t</content>\n\t\t\t\t\t\t\t\t\t\t<content level=\"0\" ordinal=\"\" style=\"\" type=\"none\">\n\t\t\t\t\t\t\t\t\t\t\t<text style=\"0\"><![CDATA[소득자료]]></text>\n\t\t\t\t\t\t\t\t\t\t</content>\n\t\t\t\t\t\t\t\t\t</td>\n\t\t\t\t\t\t\t\t\t<td colspan=\"1\" height=\"89\" rowspan=\"1\" style=\"border-bottom:solid 1pt #000000;border-left:solid 1pt #000000;border-right:solid 1pt #000000;border-top:solid 1pt #000000;background-color:#FFFFFF;\" width=\"218\">\n\t\t\t\t\t\t\t\t\t\t<content level=\"0\" ordinal=\"\" style=\"\" type=\"none\">\n\t\t\t\t\t\t\t\t\t\t\t<text style=\"0\"/>\n\t\t\t\t\t\t\t\t\t\t</content>\n\t\t\t\t\t\t\t\t\t\t<content level=\"0\" ordinal=\"\" style=\"\" type=\"none\">\n\t\t\t\t\t\t\t\t\t\t\t<text style=\"0\"><![CDATA[근로소득원천징수영수증,세무서(홈텍스)발급 소득금액증명원 등]]></text>\n\t\t\t\t\t\t\t\t\t\t</content>\n\t\t\t\t\t\t\t\t\t</td>\n\t\t\t\t\t\t\t\t</tr>\n\t\t\t\t\t\t\t</tbody>\n\t\t\t\t\t\t</tbl_group>\n\t\t\t\t\t</content>\n\t\t\t\t\t<content level=\"1\" ordinal=\"2.\" style=\"text-align:justify;\" type=\"hang\">\n\t\t\t\t\t\t<text style=\"0\"><![CDATA[2. 담보물 관련 서류]]></text>\n\t\t\t\t\t</content>\n\t\t\t\t\t<content>\n\t\t\t\t\t\t<img_group>\n\t\t\t\t\t\t\t<image src=\"./LD2 상담 및 신청_개정_img/00000.jpg\"/>\n\t\t\t\t\t\t</img_group>\n\t\t\t\t\t</content>\n\t\t\t\t\t<content level=\"1\" ordinal=\"3.\" style=\"text-align:justify;\" type=\"hang\">\n\t\t\t\t\t\t<text style=\"0\"><![CDATA[3. 서류 종류 및 확인방법은 『LD 4 실행』 4.2 징구서류 에서 정한 바에 따른다.]]></text>\n\t\t\t\t\t</content>\n\t\t\t\t</article>",
                    "tableYN": "Y"
                },
                {
                    "article_id": "2.2.4",
                    "article_title": "2.2.4 신청접수시 유의사항<개정 2018.7.2, 2019.8.16, 2021.3.23, 2022.9.1,2022.3.15>",
                    "article": "1. 여신신청 접수 시에는 대출신청서(가계용)와 개인(신용)정보 조회 동의서 및 개인(신용)정보 수집·이용 및 제공 동의서를 징구하여야 하며, 채권서류에 합철하여 보관한다., 2. 여신이 실행되지 않은 경우에도 대출신청서(가계용)과 개인(신용)정보 조회 동의서 및 개인(신용)정보 수집·이용 및 제공 동의서는 업무처리절차에 따라 업무혁신부에 집중하여야 하며, 대출신청서(가계용)과 개인(신용)정보 수집·이용 및 제공 동의서를 집중하지 못한 경우에는 영업점에서 3년간 보관하되, 서류집중 업무처리절차가 변경될 경우에는 그에 따른다. 대출신청서, 개인(신용)정보 조회동의서 및 개인(신용)정보 수집·이용 및 제공 동의서를 제외한 기타 제출서류는 신청인에게 반환하여야 한다. 다만, 신청인과 연락이 되지 않는 등 부득이한 경우에는 1년간 영업점에서 보관한다., 3. 여신신청 접수 시에는 가계대출 통지서비스 신청 여부를 반드시 확인하고, 신청 내용에 따른 전산등록이 누락되지 않도록 주의하여야 한다., 4. 여신신규 (기한연장, 조건변경 미포함) 신청 접수 시에는 개인(신용)정보 조회.수집.이용 동의서 [대안정보]를 징구하여야 하며, 채권서류에 합철하고, 여신이 실행되지 않은 경우에는 위 2. 보관 방법을 따른다.",
                    "article_original": "<article ID=\"10\" code=\"c002002000\">\n\t\t\t\t\t<title>\n\t\t\t\t\t\t<text style=\"0\"><![CDATA[2.2.4 신청접수시 유의사항<개정 2018.7.2, 2019.8.16, 2021.3.23, 2022.9.1,2022.3.15>]]></text>\n\t\t\t\t\t</title>\n\t\t\t\t\t<content level=\"1\" ordinal=\"1.\" style=\"text-align:justify;\" type=\"hang\">\n\t\t\t\t\t\t<text style=\"0\"><![CDATA[1. 여신신청 접수 시에는 대출신청서(가계용)와 개인(신용)정보 조회 동의서 및 개인(신용)정보 수집·이용 및 제공 동의서를 징구하여야 하며, 채권서류에 합철하여 보관한다.]]></text>\n\t\t\t\t\t</content>\n\t\t\t\t\t<content level=\"1\" ordinal=\"2.\" style=\"text-align:justify;\" type=\"hang\">\n\t\t\t\t\t\t<text style=\"0\"><![CDATA[2. 여신이 실행되지 않은 경우에도 대출신청서(가계용)과 개인(신용)정보 조회 동의서 및 개인(신용)정보 수집·이용 및 제공 동의서는 업무처리절차에 따라 업무혁신부에 집중하여야 하며, 대출신청서(가계용)과 개인(신용)정보 수집·이용 및 제공 동의서를 집중하지 못한 경우에는 영업점에서 3년간 보관하되, 서류집중 업무처리절차가 변경될 경우에는 그에 따른다. 대출신청서, 개인(신용)정보 조회동의서 및 개인(신용)정보 수집·이용 및 제공 동의서를 제외한 기타 제출서류는 신청인에게 반환하여야 한다. 다만, 신청인과 연락이 되지 않는 등 부득이한 경우에는 1년간 영업점에서 보관한다.]]></text>\n\t\t\t\t\t</content>\n\t\t\t\t\t<content level=\"1\" ordinal=\"3.\" style=\"text-align:justify;\" type=\"hang\">\n\t\t\t\t\t\t<text style=\"0\"><![CDATA[3. 여신신청 접수 시에는 가계대출 통지서비스 신청 여부를 반드시 확인하고, 신청 내용에 따른 전산등록이 누락되지 않도록 주의하여야 한다.]]></text>\n\t\t\t\t\t</content>\n\t\t\t\t\t<content level=\"1\" ordinal=\"4.\" style=\"text-align:justify;\" type=\"hang\">\n\t\t\t\t\t\t<text style=\"0\"><![CDATA[4. 여신신규 (기한연장, 조건변경 미포함) 신청 접수 시에는 개인(신용)정보 조회.수집.이용 동의서 [대안정보]를 징구하여야 하며, 채권서류에 합철하고, 여신이 실행되지 않은 경우에는 위 2. 보관 방법을 따른다.]]></text>\n\t\t\t\t\t</content>\n\t\t\t\t</article>",
                    "tableYN": "N"
                },
                {
                    "article_id": "2.2.5",
                    "article_title": "2.2.5 손님에 대한 설명의 의무<개정 2018.7.2>",
                    "article": "1. 여신담당자는 신청내용이 확정되면 여신거래와 관련한 상품특성, 상환방법, 약정시 발생하는 제비용(국민주택채권매입비, 인지대 및 기타 수수료), 신용관리대상자 정보, 보증·담보제공에 따른 책임범위 등을 충분히 설명한다., 2. 여신담당자는 필요서류의 목록, 내용, 구비절차 및 부채현황표의 정확한 작성 방법을 신청인 및 채무관련인 모두에게 자세히 설명하여, 손님이 반복 내점하는 등 번거로움이 없도록 한다.",
                    "article_original": "<article ID=\"11\" code=\"c002002000\">\n\t\t\t\t\t<title>\n\t\t\t\t\t\t<text style=\"0\"><![CDATA[2.2.5 손님에 대한 설명의 의무<개정 2018.7.2>]]></text>\n\t\t\t\t\t</title>\n\t\t\t\t\t<content level=\"1\" ordinal=\"1.\" style=\"text-align:justify;\" type=\"hang\">\n\t\t\t\t\t\t<text style=\"0\"><![CDATA[1. 여신담당자는 신청내용이 확정되면 여신거래와 관련한 상품특성, 상환방법, 약정시 발생하는 제비용(국민주택채권매입비, 인지대 및 기타 수수료), 신용관리대상자 정보, 보증·담보제공에 따른 책임범위 등을 충분히 설명한다.]]></text>\n\t\t\t\t\t</content>\n\t\t\t\t\t<content level=\"1\" ordinal=\"2.\" style=\"text-align:justify;\" type=\"hang\">\n\t\t\t\t\t\t<text style=\"0\"><![CDATA[2. 여신담당자는 필요서류의 목록, 내용, 구비절차 및 부채현황표의 정확한 작성 방법을 신청인 및 채무관련인 모두에게 자세히 설명하여, 손님이 반복 내점하는 등 번거로움이 없도록 한다.]]></text>\n\t\t\t\t\t</content>\n\t\t\t\t</article>",
                    "tableYN": "N"
                },
                {
                    "article_id": "2.2.6",
                    "article_title": "2.2.6 여신신청접수의 대행<개정 2018.7.2>",
                    "article": "1. 채무관계자가 출장 또는 원거리 등을 사유로 여신 취급 영업점에 방문하여 자서 및 서명날인을 할 수 없는 때에는 출장지 또는 거주지 인근영업점을 통하여 자서 및 서명날인을 받을 수 있으며, 자서 및 서명날인을 요청 받은 해당 영업점은 여신금액, 여신기간 등에 대한 본인의 의사를 여신업무 담당자 또는 책임자 이상 직원이 확인 후 \"본인 확인 및 자서·서명날인 확인필\"을 기재하고, 서명 · 날인하여 여신 취급 영업점에 송부한다., 2. 서류징구 대행 영업점의 여신업무 담당자 또는 책임자 이상 직원은 여신취급 영업점의 여신업무 담당자 또는 책임자 이상 직원으로부터 서류징구 시의 유의사항 등을 유선으로 충분히 확인하고 접수하여 채무관련인으로부터 서류작성과 관련한 문제로 민원 · 분쟁 등을 예방하여야 한다.",
                    "article_original": "<article ID=\"12\" code=\"c002002000\">\n\t\t\t\t\t<title>\n\t\t\t\t\t\t<text style=\"0\"><![CDATA[2.2.6 여신신청접수의 대행<개정 2018.7.2>]]></text>\n\t\t\t\t\t</title>\n\t\t\t\t\t<content level=\"1\" ordinal=\"1.\" style=\"text-align:justify;\" type=\"hang\">\n\t\t\t\t\t\t<text style=\"0\"><![CDATA[1. 채무관계자가 출장 또는 원거리 등을 사유로 여신 취급 영업점에 방문하여 자서 및 서명날인을 할 수 없는 때에는 출장지 또는 거주지 인근영업점을 통하여 자서 및 서명날인을 받을 수 있으며, 자서 및 서명날인을 요청 받은 해당 영업점은 여신금액, 여신기간 등에 대한 본인의 의사를 여신업무 담당자 또는 책임자 이상 직원이 확인 후 \"본인 확인 및 자서·서명날인 확인필\"을 기재하고, 서명 · 날인하여 여신 취급 영업점에 송부한다.]]></text>\n\t\t\t\t\t</content>\n\t\t\t\t\t<content level=\"1\" ordinal=\"2.\" style=\"text-align:justify;\" type=\"hang\">\n\t\t\t\t\t\t<text style=\"0\"><![CDATA[2. 서류징구 대행 영업점의 여신업무 담당자 또는 책임자 이상 직원은 여신취급 영업점의 여신업무 담당자 또는 책임자 이상 직원으로부터 서류징구 시의 유의사항 등을 유선으로 충분히 확인하고 접수하여 채무관련인으로부터 서류작성과 관련한 문제로 민원 · 분쟁 등을 예방하여야 한다.]]></text>\n\t\t\t\t\t</content>\n\t\t\t\t</article>",
                    "tableYN": "N"
                },
                {
                    "article_id": "2.2.7",
                    "article_title": "2.2.7 인터넷 및 손님케어센터를 통한 신청<개정 2019.8.16, 2020.2.3, 2020.7.20, 2021.3.23, 2021.7.19, 2022.9.1>",
                    "article": "1. 전자금융을 이용한 인터넷 및 손님케어센터를, 통한 신청의 경우, 디지털경험본부 및 리테일사업부 등 소관부서에서 별도로 정한 기준을 따른다., 2. 인터넷 및 손님케어센터를 한 여신 신청건에 대하여도 「여신 업무정책」 1.5.5 가계여신 전결한도를 적용한다., 3. 여신 취급 영업점은 계정단말을 통해 매일 승인내용을 확인하고 유선 등으로 구비서류, 취급절차 등 필요한 사항을 신속히 안내하여야 한다.",
                    "article_original": "<article ID=\"13\" code=\"c002002000\">\n\t\t\t\t\t<title>\n\t\t\t\t\t\t<text style=\"0\"><![CDATA[2.2.7 인터넷 및 손님케어센터를 통한 신청<개정 2019.8.16, 2020.2.3, 2020.7.20, 2021.3.23, 2021.7.19, 2022.9.1>]]></text>\n\t\t\t\t\t</title>\n\t\t\t\t\t<content level=\"1\" ordinal=\"1.\" style=\"text-align:justify;\" type=\"hang\">\n\t\t\t\t\t\t<text style=\"0\"><![CDATA[1. 전자금융을 이용한 인터넷 및 손님케어센터를]]></text>\n\t\t\t\t\t</content>\n\t\t\t\t\t<content level=\"1\" ordinal=\"\" style=\"text-align:justify;\" type=\"none\">\n\t\t\t\t\t\t<text style=\"0\"><![CDATA[통한 신청의 경우, 디지털경험본부 및 리테일사업부 등 소관부서에서 별도로 정한 기준을 따른다.]]></text>\n\t\t\t\t\t</content>\n\t\t\t\t\t<content level=\"1\" ordinal=\"2.\" style=\"text-align:justify;\" type=\"hang\">\n\t\t\t\t\t\t<text style=\"0\"><![CDATA[2. 인터넷 및 손님케어센터를 한 여신 신청건에 대하여도 「여신 업무정책」 1.5.5 가계여신 전결한도를 적용한다.]]></text>\n\t\t\t\t\t</content>\n\t\t\t\t\t<content level=\"1\" ordinal=\"3.\" style=\"text-align:justify;\" type=\"hang\">\n\t\t\t\t\t\t<text style=\"0\"><![CDATA[3. 여신 취급 영업점은 계정단말을 통해 매일 승인내용을 확인하고 유선 등으로 구비서류, 취급절차 등 필요한 사항을 신속히 안내하여야 한다.]]></text>\n\t\t\t\t\t</content>\n\t\t\t\t</article>",
                    "tableYN": "N"
                },
                {
                    "article_id": "2.2.8",
                    "article_title": "2.2.8 신용정보법에 따른 개인신용평점하락 가능성 등에 대한 설명 의무<신설 2020.8.5>",
                    "article": "1. 여신담당자는 여신 신청시 해당 금융거래로 인하여 개인신용평가회사가 개인신용평점을 만들어 낼 때 해당 신용정보주체에게 불이익을 줄 수 있다는 사실을 사전에 설명해야 한다.",
                    "article_original": "<article ID=\"14\" code=\"c002002000\">\n\t\t\t\t\t<title>\n\t\t\t\t\t\t<text style=\"0\"><![CDATA[2.2.8 신용정보법에 따른 개인신용평점하락 가능성 등에 대한 설명 의무<신설 2020.8.5>]]></text>\n\t\t\t\t\t</title>\n\t\t\t\t\t<content level=\"1\" ordinal=\"1.\" style=\"text-align:justify;\" type=\"hang\">\n\t\t\t\t\t\t<text style=\"0\"><![CDATA[1. 여신담당자는 여신 신청시 해당 금융거래로 인하여 개인신용평가회사가 개인신용평점을 만들어 낼 때 해당 신용정보주체에게 불이익을 줄 수 있다는 사실을 사전에 설명해야 한다.]]></text>\n\t\t\t\t\t</content>\n\t\t\t\t</article>",
                    "tableYN": "N"
                }
            ]
        },
        {
            "sub_title": "2.3 대출신청서(가계용) 징구 및 작성요령",
            "sub_id": "2.3",
            "article_datas": [
                {
                    "article_id": "2.3.1",
                    "article_title": "2.3.1 대출신청서(가계용) 징구",
                    "article": "가계여신 신청 접수 시에는 채무관련인(여신신청인, 담보제공자, 연대보증인)으로 하여금 신청구분에 해당 내용을 표시하고 각 1부씩 \"대출신청서(가계용)\"을 작성하도록 한다.",
                    "article_original": "<article ID=\"16\" code=\"c002003000\">\n\t\t\t\t\t<title>\n\t\t\t\t\t\t<text style=\"0\"><![CDATA[2.3.1 대출신청서(가계용) 징구]]></text>\n\t\t\t\t\t</title>\n\t\t\t\t\t<content level=\"0\" ordinal=\"\" style=\"text-align:justify;\" type=\"none\">\n\t\t\t\t\t\t<text style=\"0\"><![CDATA[가계여신 신청 접수 시에는 채무관련인(여신신청인, 담보제공자, 연대보증인)으로 하여금 신청구분에 해당 내용을 표시하고 각 1부씩 \"대출신청서(가계용)\"을 작성하도록 한다.]]></text>\n\t\t\t\t\t</content>\n\t\t\t\t</article>",
                    "tableYN": "N"
                },
                {
                    "article_id": "2.3.2",
                    "article_title": "2.3.2 대출신청서(가계용)의 작성원칙<개정 2020.8.7>",
                    "article": "1. 손님으로부터 징구하는 \"대출신청서(가계용)\"의 내용은 심사에 결정적인 영향을 미치므로 반드시 자필로 기재하고 서명ㆍ날인하도록 하며 손님이 신청서 기재 내용에 대한 의사를 최종 확인하여야 한다., 2. 자서능력이 없는 채무관계자의 경우에는 「LD4 실행」 4.1.2 약정서 징구원칙의 2-(1)-②를 준용한다., 3. 손님 정보는 손님관리, 여신분석 및 사후관리 등에 활용되므로 정확한 손님 정보의 획득을 위해 노력하여야 하며, 손님에게 수집하여 이용 및 제공하는 정보에 대하여 필수사항과 선택사항으로 구분하여 담보별, 상품별로 필요한 최소의 정보만 획득할 수 있도록 하여야 한다.",
                    "article_original": "<article ID=\"17\" code=\"c002003000\">\n\t\t\t\t\t<title>\n\t\t\t\t\t\t<text style=\"0\"><![CDATA[2.3.2 대출신청서(가계용)의 작성원칙<개정 2020.8.7>]]></text>\n\t\t\t\t\t</title>\n\t\t\t\t\t<content level=\"1\" ordinal=\"1.\" style=\"text-align:justify;\" type=\"hang\">\n\t\t\t\t\t\t<text style=\"0\"><![CDATA[1. 손님으로부터 징구하는 \"대출신청서(가계용)\"의 내용은 심사에 결정적인 영향을 미치므로 반드시 자필로 기재하고 서명ㆍ날인하도록 하며 손님이 신청서 기재 내용에 대한 의사를 최종 확인하여야 한다.]]></text>\n\t\t\t\t\t</content>\n\t\t\t\t\t<content level=\"1\" ordinal=\"2.\" style=\"text-align:justify;\" type=\"hang\">\n\t\t\t\t\t\t<text style=\"0\"><![CDATA[2. 자서능력이 없는 채무관계자의 경우에는 「LD4 실행」 4.1.2 약정서 징구원칙의 2-(1)-②를 준용한다.]]></text>\n\t\t\t\t\t</content>\n\t\t\t\t\t<content level=\"1\" ordinal=\"3.\" style=\"text-align:justify;\" type=\"hang\">\n\t\t\t\t\t\t<text style=\"0\"><![CDATA[3. 손님 정보는 손님관리, 여신분석 및 사후관리 등에 활용되므로 정확한 손님 정보의 획득을 위해 노력하여야 하며, 손님에게 수집하여 이용 및 제공하는 정보에 대하여 필수사항과 선택사항으로 구분하여 담보별, 상품별로 필요한 최소의 정보만 획득할 수 있도록 하여야 한다.]]></text>\n\t\t\t\t\t</content>\n\t\t\t\t</article>",
                    "tableYN": "N"
                },
                {
                    "article_id": "2.3.3",
                    "article_title": "2.3.3 항목별 작성요령<개정 2020.2.3>",
                    "article": "1. 신청인 구분 및 관계, 여신신청인, (제3자) 담보제공자, 연대보증인 구분과 여신신청인과의 관계 및 여신신청인의 성명을 기재한다. 여신신청서는 채무관련인 각각 작성하여야 하며 만기ㆍ연체정보 안내를 위하여 우편물 수령처는 필수적으로 기재하여야 한다., 2. 공통필수정보, 손님과의 금융거래 설정 및 유지에 필요한 최소한의 개인정보로, 이름, 고유식별번호(주민번호 등), 주소, 연락처, 직업군, 국적이 이에 해당된다. 거주자의 경우, 성명과 생년월일을 기재하며 비거주자에 대해서는 여권번호를 추가 기재한다. 주소와 연락처는 최신정보를 기재하도록 하며, 기존 손님정보가 있는 경우 변경된 사항을 확인한다., 3. 직장정보 등, 직장명, 부서명, 직위, 연소득 정보, 주택소유 및 주거형태 등 주요 정보가 누락되지 않도록 한다., 4. 담보 취득 부동산에 대한 정보, 담보종류 및 소재지 등 상세내역을 기재한다., 5. 신청내용, 여신신청인이 직접 기재하도록 하여 향후 신청내용의 상이함에 따른 신청인과의 분쟁을 방지한다., , 6. 여신신청인, 담보제공자 또는 연대보증인, 반드시 자필로 기재하고 서명·날인하여 본인의 신청서 기재에 대한 의사를 최종 확인한다., 7. 대출정보 통지서비스, 여신취급 또는 정보통지 서비스에 대하여 손님에게 안내하여 손님으로 하여금 요청하는 서비스 내용을 선택하고, 자필 기재하도록 한다., 8. 여신거절사유 안내, 손님이 신청한 여신이 거절되는 경우, 거절사유를 안내받고자 하는방법을 선택하여 기재하도록 한다., 9. 부동산 담보대출 담보제공자 의사 확인, 근저당권 유지의사 관련 확인사항을 담보제공자에게 안내하고 담보제공자로 하여금 이해하였음을 확인하는 내용으로 자필 기재를 받는다. 또한 근저당을 재사용, 유용하는 경우, 해당 설정순위, 접수번호, 채권최고액을 담보제공자로 하여금 자필기재하도록 하여 담보제공의사를 정확히 확인한다., 10. 재직확인, 유선상 재직확인을 하는 경우, 통화 일시, 통화 상대방, 전화번호를 기재하고, 확인자의 직위 및 성명을 기재한다., 11. 기타 영업점 확인사항, 신청서에 기재하지 않은 기타 정보와 상담내용을 기재한다.",
                    "article_original": "<article ID=\"18\" code=\"c002003000\">\n\t\t\t\t\t<title>\n\t\t\t\t\t\t<text style=\"0\"><![CDATA[2.3.3 항목별 작성요령<개정 2020.2.3>]]></text>\n\t\t\t\t\t</title>\n\t\t\t\t\t<content level=\"1\" ordinal=\"1.\" style=\"text-align:justify;\" type=\"hang\">\n\t\t\t\t\t\t<text style=\"0\"><![CDATA[1. 신청인 구분 및 관계]]></text>\n\t\t\t\t\t</content>\n\t\t\t\t\t<content level=\"1\" ordinal=\"\" style=\"text-align:justify;\" type=\"none\">\n\t\t\t\t\t\t<text style=\"0\"><![CDATA[여신신청인, (제3자) 담보제공자, 연대보증인 구분과 여신신청인과의 관계 및 여신신청인의 성명을 기재한다. 여신신청서는 채무관련인 각각 작성하여야 하며 만기ㆍ연체정보 안내를 위하여 우편물 수령처는 필수적으로 기재하여야 한다.]]></text>\n\t\t\t\t\t</content>\n\t\t\t\t\t<content level=\"1\" ordinal=\"2.\" style=\"text-align:justify;\" type=\"hang\">\n\t\t\t\t\t\t<text style=\"0\"><![CDATA[2. 공통필수정보]]></text>\n\t\t\t\t\t</content>\n\t\t\t\t\t<content level=\"1\" ordinal=\"\" style=\"text-align:justify;\" type=\"none\">\n\t\t\t\t\t\t<text style=\"0\"><![CDATA[손님과의 금융거래 설정 및 유지에 필요한 최소한의 개인정보로, 이름, 고유식별번호(주민번호 등), 주소, 연락처, 직업군, 국적이 이에 해당된다. 거주자의 경우, 성명과 생년월일을 기재하며 비거주자에 대해서는 여권번호를 추가 기재한다. 주소와 연락처는 최신정보를 기재하도록 하며, 기존 손님정보가 있는 경우 변경된 사항을 확인한다.]]></text>\n\t\t\t\t\t</content>\n\t\t\t\t\t<content level=\"1\" ordinal=\"3.\" style=\"text-align:justify;\" type=\"hang\">\n\t\t\t\t\t\t<text style=\"0\"><![CDATA[3. 직장정보 등]]></text>\n\t\t\t\t\t</content>\n\t\t\t\t\t<content level=\"1\" ordinal=\"\" style=\"text-align:justify;\" type=\"none\">\n\t\t\t\t\t\t<text style=\"0\"><![CDATA[직장명, 부서명, 직위, 연소득 정보, 주택소유 및 주거형태 등 주요 정보가 누락되지 않도록 한다.]]></text>\n\t\t\t\t\t</content>\n\t\t\t\t\t<content level=\"1\" ordinal=\"4.\" style=\"text-align:justify;\" type=\"hang\">\n\t\t\t\t\t\t<text style=\"0\"><![CDATA[4. 담보 취득 부동산에 대한 정보]]></text>\n\t\t\t\t\t</content>\n\t\t\t\t\t<content level=\"1\" ordinal=\"\" style=\"text-align:justify;\" type=\"none\">\n\t\t\t\t\t\t<text style=\"0\"><![CDATA[담보종류 및 소재지 등 상세내역을 기재한다.]]></text>\n\t\t\t\t\t</content>\n\t\t\t\t\t<content level=\"1\" ordinal=\"5.\" style=\"text-align:justify;\" type=\"hang\">\n\t\t\t\t\t\t<text style=\"0\"><![CDATA[5. 신청내용]]></text>\n\t\t\t\t\t</content>\n\t\t\t\t\t<content level=\"1\" ordinal=\"\" style=\"text-align:justify;\" type=\"none\">\n\t\t\t\t\t\t<text style=\"0\"><![CDATA[여신신청인이 직접 기재하도록 하여 향후 신청내용의 상이함에 따른 신청인과의 분쟁을 방지한다.]]></text>\n\t\t\t\t\t</content>\n\t\t\t\t\t<content>\n\t\t\t\t\t\t<img_group>\n\t\t\t\t\t\t\t<image src=\"./LD2 상담 및 신청_개정_img/00001.jpg\"/>\n\t\t\t\t\t\t</img_group>\n\t\t\t\t\t</content>\n\t\t\t\t\t<content level=\"1\" ordinal=\"6.\" style=\"text-align:justify;\" type=\"hang\">\n\t\t\t\t\t\t<text style=\"0\"><![CDATA[6. 여신신청인, 담보제공자 또는 연대보증인]]></text>\n\t\t\t\t\t</content>\n\t\t\t\t\t<content level=\"1\" ordinal=\"\" style=\"text-align:justify;\" type=\"none\">\n\t\t\t\t\t\t<text style=\"0\"><![CDATA[반드시 자필로 기재하고 서명·날인하여 본인의 신청서 기재에 대한 의사를 최종 확인한다.]]></text>\n\t\t\t\t\t</content>\n\t\t\t\t\t<content level=\"1\" ordinal=\"7.\" style=\"text-align:justify;\" type=\"hang\">\n\t\t\t\t\t\t<text style=\"0\"><![CDATA[7. 대출정보 통지서비스]]></text>\n\t\t\t\t\t</content>\n\t\t\t\t\t<content level=\"1\" ordinal=\"\" style=\"text-align:justify;\" type=\"none\">\n\t\t\t\t\t\t<text style=\"0\"><![CDATA[여신취급 또는 정보통지 서비스에 대하여 손님에게 안내하여 손님으로 하여금 요청하는 서비스 내용을 선택하고, 자필 기재하도록 한다.]]></text>\n\t\t\t\t\t</content>\n\t\t\t\t\t<content level=\"1\" ordinal=\"8.\" style=\"text-align:justify;\" type=\"hang\">\n\t\t\t\t\t\t<text style=\"0\"><![CDATA[8. 여신거절사유 안내]]></text>\n\t\t\t\t\t</content>\n\t\t\t\t\t<content level=\"1\" ordinal=\"\" style=\"text-align:justify;\" type=\"none\">\n\t\t\t\t\t\t<text style=\"0\"><![CDATA[손님이 신청한 여신이 거절되는 경우, 거절사유를 안내받고자 하는방법을 선택하여 기재하도록 한다.]]></text>\n\t\t\t\t\t</content>\n\t\t\t\t\t<content level=\"1\" ordinal=\"9.\" style=\"text-align:justify;\" type=\"hang\">\n\t\t\t\t\t\t<text style=\"0\"><![CDATA[9. 부동산 담보대출 담보제공자 의사 확인]]></text>\n\t\t\t\t\t</content>\n\t\t\t\t\t<content level=\"1\" ordinal=\"\" style=\"text-align:justify;\" type=\"none\">\n\t\t\t\t\t\t<text style=\"0\"><![CDATA[근저당권 유지의사 관련 확인사항을 담보제공자에게 안내하고 담보제공자로 하여금 이해하였음을 확인하는 내용으로 자필 기재를 받는다. 또한 근저당을 재사용, 유용하는 경우, 해당 설정순위, 접수번호, 채권최고액을 담보제공자로 하여금 자필기재하도록 하여 담보제공의사를 정확히 확인한다.]]></text>\n\t\t\t\t\t</content>\n\t\t\t\t\t<content level=\"1\" ordinal=\"10.\" style=\"text-align:justify;\" type=\"hang\">\n\t\t\t\t\t\t<text style=\"0\"><![CDATA[10. 재직확인]]></text>\n\t\t\t\t\t</content>\n\t\t\t\t\t<content level=\"1\" ordinal=\"\" style=\"text-align:justify;\" type=\"none\">\n\t\t\t\t\t\t<text style=\"0\"><![CDATA[유선상 재직확인을 하는 경우, 통화 일시, 통화 상대방, 전화번호를 기재하고, 확인자의 직위 및 성명을 기재한다.]]></text>\n\t\t\t\t\t</content>\n\t\t\t\t\t<content level=\"1\" ordinal=\"11.\" style=\"text-align:justify;\" type=\"hang\">\n\t\t\t\t\t\t<text style=\"0\"><![CDATA[11. 기타 영업점 확인사항]]></text>\n\t\t\t\t\t</content>\n\t\t\t\t\t<content level=\"1\" ordinal=\"\" style=\"text-align:justify;\" type=\"none\">\n\t\t\t\t\t\t<text style=\"0\"><![CDATA[신청서에 기재하지 않은 기타 정보와 상담내용을 기재한다.]]></text>\n\t\t\t\t\t</content>\n\t\t\t\t</article>",
                    "tableYN": "N"
                },
                {
                    "article_id": "2.3.4",
                    "article_title": "2.3.4 부채현황표의 작성",
                    "article": "차주 및 연대보증인에 대한 재무건전성 파악 및 신용리스크 최소화를 위하여 차주 및 연대보증인으로 하여금 \"대출신청서(가계용)\"에 부채현황을 정확히 기재하도록 한다.",
                    "article_original": "<article ID=\"19\" code=\"c002003000\">\n\t\t\t\t\t<title>\n\t\t\t\t\t\t<text style=\"0\"><![CDATA[2.3.4 부채현황표의 작성]]></text>\n\t\t\t\t\t</title>\n\t\t\t\t\t<content level=\"0\" ordinal=\"\" style=\"text-align:justify;\" type=\"none\">\n\t\t\t\t\t\t<text style=\"0\"><![CDATA[차주 및 연대보증인에 대한 재무건전성 파악 및 신용리스크 최소화를 위하여 차주 및 연대보증인으로 하여금 \"대출신청서(가계용)\"에 부채현황을 정확히 기재하도록 한다.]]></text>\n\t\t\t\t\t</content>\n\t\t\t\t</article>",
                    "tableYN": "N"
                },
                {
                    "article_id": "2.3.5",
                    "article_title": "2.3.5 기한연장 및 조건변경의 경우",
                    "article": "기존 여신의 기한연장시 또는 금리 등 취급 조건변경 시에는 \"대출거래 추가약정서(가계용)\"을 징구한다. 기한연장 및 조건변경의 구체적인 업무처리방법은 「LD5 기일관리 및 사후관리」에서 정한 바에 따른다.",
                    "article_original": "<article ID=\"20\" code=\"c002003000\">\n\t\t\t\t\t<title>\n\t\t\t\t\t\t<text style=\"0\"><![CDATA[2.3.5 기한연장 및 조건변경의 경우]]></text>\n\t\t\t\t\t</title>\n\t\t\t\t\t<content level=\"0\" ordinal=\"\" style=\"text-align:justify;\" type=\"none\">\n\t\t\t\t\t\t<text style=\"0\"><![CDATA[기존 여신의 기한연장시 또는 금리 등 취급 조건변경 시에는 \"대출거래 추가약정서(가계용)\"을 징구한다. 기한연장 및 조건변경의 구체적인 업무처리방법은 「LD5 기일관리 및 사후관리」에서 정한 바에 따른다.]]></text>\n\t\t\t\t\t</content>\n\t\t\t\t</article>",
                    "tableYN": "N"
                }
            ]
        },
        {
            "sub_title": "2.4 집단대출 법규준수 서약서 작성",
            "sub_id": "2.4",
            "article_datas": [
                {
                    "article_id": "2.4.1",
                    "article_title": "2.4.1 작성대상",
                    "article": "집단대출(이주비, 중도금, 잔금대출, 우리사주대출 등)에 대해 \"집단대출 법규준수 서약서\" 작성이 승인조건으로 부여된 경우",
                    "article_original": "<article ID=\"22\" code=\"c002004000\">\n\t\t\t\t\t<title>\n\t\t\t\t\t\t<text style=\"0\"><![CDATA[2.4.1 작성대상]]></text>\n\t\t\t\t\t</title>\n\t\t\t\t\t<content level=\"0\" ordinal=\"\" style=\"text-align:justify;\" type=\"none\">\n\t\t\t\t\t\t<text style=\"0\"><![CDATA[집단대출(이주비, 중도금, 잔금대출, 우리사주대출 등)에 대해 \"집단대출 법규준수 서약서\" 작성이 승인조건으로 부여된 경우]]></text>\n\t\t\t\t\t</content>\n\t\t\t\t</article>",
                    "tableYN": "N"
                },
                {
                    "article_id": "2.4.2",
                    "article_title": "2.4.2 운영기준<개정 2021.3.23, 2022.9.1>",
                    "article": "작성대상 집단대출의 상담 및 신청접수 시에는 법규준수의식 제고를 위해 사전에 해당 영업점의 전 직원이 「집단대출 법규준수 서약서」를 작성하여 스캔한 이미지를 개인여신심사부로 공문 발송하고, 원본은 영업점에 보관한다.",
                    "article_original": "<article ID=\"23\" code=\"c002004000\">\n\t\t\t\t\t<title>\n\t\t\t\t\t\t<text style=\"0\"><![CDATA[2.4.2 운영기준<개정 2021.3.23, 2022.9.1>]]></text>\n\t\t\t\t\t</title>\n\t\t\t\t\t<content level=\"0\" ordinal=\"\" style=\"text-align:justify;\" type=\"none\">\n\t\t\t\t\t\t<text style=\"0\"><![CDATA[작성대상 집단대출의 상담 및 신청접수 시에는 법규준수의식 제고를 위해 사전에 해당 영업점의 전 직원이 「집단대출 법규준수 서약서」를 작성하여 스캔한 이미지를 개인여신심사부로 공문 발송하고, 원본은 영업점에 보관한다.]]></text>\n\t\t\t\t\t</content>\n\t\t\t\t</article>",
                    "tableYN": "N"
                }
            ]
        },
        {
            "sub_title": "2.5 접수거절 금지",
            "sub_id": "2.5",
            "article_datas": [
                {
                    "article_id": "2.5.1",
                    "article_title": "2.5.1 접수거절 금지",
                    "article": "1. 여신 상담 직원은 원칙적으로 신청인 및 신청내용에 대해 임의로 취급 가부를 판단하여 신청접수를 거부할 수 없다. 다만, 타행 여신의 과다, 연체정보, 신용관리대상자 등재 등 명확한 사유가 있는 경우에는 예외로 한다., 2. 심사승인 집중화 여신에 대한 특이사항이나 전결권자에게 알릴 사항은 \"대출신청서 (가계용)\" 기재 및 여신승인신청시스템의 영업점 의견란에 추가할 수 있다.",
                    "article_original": "<article ID=\"25\" code=\"c002005000\">\n\t\t\t\t\t<title>\n\t\t\t\t\t\t<text style=\"0\"><![CDATA[2.5.1 접수거절 금지]]></text>\n\t\t\t\t\t</title>\n\t\t\t\t\t<content level=\"1\" ordinal=\"1.\" style=\"text-align:justify;\" type=\"hang\">\n\t\t\t\t\t\t<text style=\"0\"><![CDATA[1. 여신 상담 직원은 원칙적으로 신청인 및 신청내용에 대해 임의로 취급 가부를 판단하여 신청접수를 거부할 수 없다. 다만, 타행 여신의 과다, 연체정보, 신용관리대상자 등재 등 명확한 사유가 있는 경우에는 예외로 한다.]]></text>\n\t\t\t\t\t</content>\n\t\t\t\t\t<content level=\"1\" ordinal=\"2.\" style=\"text-align:justify;\" type=\"hang\">\n\t\t\t\t\t\t<text style=\"0\"><![CDATA[2. 심사승인 집중화 여신에 대한 특이사항이나 전결권자에게 알릴 사항은 \"대출신청서 (가계용)\" 기재 및 여신승인신청시스템의 영업점 의견란에 추가할 수 있다.]]></text>\n\t\t\t\t\t</content>\n\t\t\t\t</article>",
                    "tableYN": "N"
                }
            ]
        }
    ]
}